{"cameraMode":{"drawMode":0,"name":"Shaded","section":"Shading Mode"},"sceneLighting":true,"audioPlay":false,"sceneViewState":{"showFog":true,"showMaterialUpdate":false,"showSkybox":true,"showFlares":true,"showImageEffects":true,"showParticleSystems":true},"in2DMode":false,"pivot":{"x":-0.6303863525390625,"y":-0.0003116428852081299,"z":-0.5711021423339844},"rotation":{"x":0.059152789413928989,"y":0.5676152110099793,"z":-0.04093890264630318,"w":0.8201451301574707},"size":2.185511827468872,"orthographic":false}