{"cameraMode":{"drawMode":0,"name":"Shaded","section":"Shading Mode"},"sceneLighting":true,"audioPlay":false,"sceneViewState":{"showFog":true,"showMaterialUpdate":false,"showSkybox":true,"showFlares":true,"showImageEffects":true,"showParticleSystems":true},"in2DMode":false,"pivot":{"x":0.9419348835945129,"y":-0.24639692902565003,"z":-0.1529713273048401},"rotation":{"x":-0.005062893033027649,"y":0.5365870594978333,"z":0.003219726262614131,"w":0.8438236713409424},"size":7.858025550842285,"orthographic":false}