{"cameraMode":{"drawMode":0,"name":"Shaded","section":"Shading Mode"},"sceneLighting":false,"audioPlay":false,"sceneViewState":{"showFog":true,"showMaterialUpdate":false,"showSkybox":true,"showFlares":true,"showImageEffects":true,"showParticleSystems":true},"in2DMode":false,"pivot":{"x":0.9529541730880737,"y":-1.0541770458221436,"z":0.0908474326133728},"rotation":{"x":0.09019549190998078,"y":0.8435743451118469,"z":-0.1498553454875946,"w":0.5077307820320129},"size":1.9740540981292725,"orthographic":false}