{"cameraMode":{"drawMode":0,"name":"Shaded","section":"Shading Mode"},"sceneLighting":true,"audioPlay":false,"sceneViewState":{"showFog":true,"showMaterialUpdate":false,"showSkybox":true,"showFlares":true,"showImageEffects":true,"showParticleSystems":true},"in2DMode":false,"pivot":{"x":-1.148451805114746,"y":-0.5073955655097961,"z":-0.6075904369354248},"rotation":{"x":-0.011784926988184452,"y":0.8036075830459595,"z":-0.015921249985694886,"w":-0.5948298573493958},"size":21.48278045654297,"orthographic":false}