{"cameraMode":{"drawMode":0,"name":"Shaded","section":"Shading Mode"},"sceneLighting":true,"audioPlay":false,"sceneViewState":{"showFog":true,"showMaterialUpdate":false,"showSkybox":true,"showFlares":true,"showImageEffects":true,"showParticleSystems":true},"in2DMode":false,"pivot":{"x":0.11409235000610352,"y":-0.9128034114837647,"z":-1.0707736015319825},"rotation":{"x":-0.015276466496288777,"y":0.9821764230728149,"z":-0.09191343188285828,"w":-0.16324229538440705},"size":8.886295318603516,"orthographic":false}